,accuracy,f1_macro,roc_auc_ovr
RandomForest,0.8873333333333333,0.8594601061597391,0.9522328854826121
GradientBoosting,0.874,0.8441746819668904,0.949248427960816
DecisionTree,0.795,0.7366378285483551,0.8569727156746758
LogisticRegression,0.7236666666666667,0.6651282116538167,0.848115381301981
Dummy_stratified,0.4083333333333333,0.3332459249497699,0.49986112681126466
