{
  "Dummy_stratified": {
    "accuracy": 0.4083333333333333,
    "f1_macro": 0.3332459249497699,
    "roc_auc_ovr": 0.49986112681126466
  },
  "LogisticRegression": {
    "accuracy": 0.7236666666666667,
    "f1_macro": 0.6651282116538167,
    "roc_auc_ovr": 0.848115381301981
  },
  "DecisionTree": {
    "accuracy": 0.795,
    "f1_macro": 0.7366378285483551,
    "roc_auc_ovr": 0.8569727156746758
  },
  "RandomForest": {
    "accuracy": 0.8873333333333333,
    "f1_macro": 0.8594601061597391,
    "roc_auc_ovr": 0.9522328854826121
  },
  "GradientBoosting": {
    "accuracy": 0.874,
    "f1_macro": 0.8441746819668904,
    "roc_auc_ovr": 0.949248427960816
  }
}